record_id,redacted_data_json,is_pii
1,"{""customer_id"": ""CUST001"", ""phone"": ""98XXXXXX10"", ""order_value"": ""1299""}",True
2,"{""name"": ""R***** K****"", ""email"": ""raXXX@email.com"", ""city"": ""Mumbai""}",True
3,"{""first_name"": ""Priya"", ""product"": ""iPhone 14"", ""category"": ""Electronics""}",False
4,"{""aadhar"": ""1234 XXXX 9012"", ""transaction_type"": ""purchase""}",True
5,"{""email"": ""stXXX@email.com"", ""product_id"": ""PROD123""}",True
6,"{""name"": ""A*** S****"", ""address"": ""123 MG Road, Bangalore, 560001"", ""ip_address"": ""192.168.1.100""}",True
7,"{""city"": ""Delhi"", ""pin_code"": ""110001"", ""product_category"": ""Fashion""}",False
8,"{""upi_id"": ""usXXX@paytm"", ""amount"": ""500""}",True
9,"{""last_name"": ""Sharma"", ""order_id"": ""ORD789456""}",False
10,"{""passport"": ""PXXXXXXX"", ""booking_reference"": ""BK123""}",True
11,"{""device_id"": ""DEV456789"", ""app_version"": ""2.1.4""}",False
12,"{""name"": ""S**** P****"", ""email"": ""snXXX@gmail.com"", ""device_id"": ""MOB123456""}",True
13,"{""transaction_id"": ""TXN987654"", ""amount"": ""2500"", ""status"": ""completed""}",False
14,"{""phone"": ""87XXXXXX09"", ""order_date"": ""2024-01-15""}",True
15,"{""state"": ""Maharashtra"", ""product_name"": ""Laptop Bag""}",False
16,"{""name"": ""V***** R****"", ""address"": ""456 Brigade Road, Bengaluru, 560025"", ""email"": ""viXXX@company.com""}",True
17,"{""first_name"": ""Anita"", ""last_name_initial"": ""K"", ""age"": ""28""}",False
18,"{""aadhar"": ""9876 XXXX 1098"", ""verification_status"": ""verified""}",True
19,"{""email"": ""cuXXX@service.com"", ""query_type"": ""refund""}",True
20,"{""upi_id"": ""91XXX@ybl"", ""merchant"": ""Flipkart""}",True
21,"{""product_description"": ""Samsung Galaxy S23"", ""price"": ""65000""}",False
22,"{""name"": ""D****** A******"", ""phone"": ""78XXXXXX56"", ""email"": ""deXXX@email.com""}",True
23,"{""pin_code"": ""400001"", ""delivery_date"": ""2024-02-10""}",False
24,"{""passport"": ""MXXXXXXX"", ""travel_date"": ""2024-03-15""}",True
25,"{""customer_segment"": ""Premium"", ""loyalty_points"": ""1500""}",False
26,"{""name"": ""R*** G****"", ""address"": ""789 Park Street, Kolkata, 700016"", ""ip_address"": ""10.0.0.50""}",True
27,"{""order_type"": ""Express"", ""shipping_method"": ""same_day""}",False
28,"{""phone"": ""67XXXXXX45"", ""sms_consent"": ""True""}",True
29,"{""username"": ""techguru"", ""last_login"": ""2024-01-20""}",False
30,"{""aadhar"": ""4567 XXXX 3045"", ""kyc_status"": ""pending""}",True
31,"{""category"": ""Books"", ""author"": ""Chetan Bhagat""}",False
32,"{""name"": ""M**** J****"", ""email"": ""meXXX@workplace.com"", ""device_type"": ""Android""}",True
33,"{""session_id"": ""SESS789123"", ""duration"": ""45 minutes""}",False
34,"{""upi_id"": ""meXXX@okaxis"", ""payment_method"": ""UPI""}",True
35,"{""region"": ""North India"", ""warehouse_code"": ""WH001""}",False
36,"{""name"": ""A**** M*******"", ""address"": ""321 Connaught Place, New Delhi, 110001"", ""phone"": ""90XXXXXX78""}",True
37,"{""subscription_type"": ""Premium"", ""renewal_date"": ""2024-06-15""}",False
38,"{""passport"": ""LXXXXXXX"", ""country"": ""India""}",True
39,"{""first_name"": ""Kavya"", ""gender"": ""Female"", ""age_group"": ""25-35""}",False
40,"{""aadhar"": ""2345 XXXX 0123"", ""bank_verification"": ""success""}",True
41,"{""brand"": ""Nike"", ""model"": ""Air Max"", ""size"": ""9""}",False
42,"{""name"": ""S******** N***"", ""email"": ""siXXX@tech.com"", ""ip_address"": ""203.192.1.45""}",True
43,"{""currency"": ""INR"", ""exchange_rate"": ""83.25""}",False
44,"{""phone"": ""89XXXXXX67"", ""notification_preference"": ""SMS""}",True
45,"{""product_rating"": ""4.5"", ""review_count"": ""150""}",False
46,"{""upi_id"": ""faXXX@ibl"", ""family_size"": ""4""}",True
47,"{""zip_code"": ""560001"", ""delivery_zone"": ""Zone_A""}",False
48,"{""name"": ""P**** D****"", ""address"": ""567 FC Road, Pune, 411016"", ""email"": ""poXXX@email.in""}",True
49,"{""app_name"": ""Flipkart"", ""version"": ""8.21.0""}",False
50,"{""passport"": ""KXXXXXXX"", ""issue_date"": ""2020-05-10""}",True
51,"{""last_name"": ""Iyer"", ""profession"": ""Software Engineer""}",False
52,"{""aadhar"": ""3456 XXXX 1234"", ""address_proof"": ""verified""}",True
53,"{""email"": ""suXXX@flipkart.com"", ""ticket_id"": ""TICK456""}",True
54,"{""name"": ""R**** K*******"", ""phone"": ""70XXXXXX89"", ""device_id"": ""ANDROID789""}",True
55,"{""search_query"": ""bluetooth headphones"", ""filters"": ""price,brand""}",False
56,"{""upi_id"": ""87XXX@paytm"", ""auto_debit"": ""True""}",True
57,"{""state_code"": ""MH"", ""gst_number"": ""27ABCDE1234F1Z5""}",False
58,"{""name"": ""L****** V*****"", ""email"": ""laXXX@company.org"", ""address"": ""890 Anna Salai, Chennai, 600002""}",True
59,"{""feature_flag"": ""new_checkout"", ""enabled"": ""True""}",False
60,"{""phone"": ""93XXXXXX12"", ""otp_verification"": ""pending""}",True
61,"{""discount_code"": ""SAVE20"", ""validity"": ""2024-03-31""}",False
62,"{""passport"": ""AXXXXXXX"", ""nationality"": ""Indian""}",True
63,"{""first_name"": ""Rohan"", ""wishlist_count"": ""15""}",False
64,"{""aadhar"": ""5678 XXXX 3456"", ""biometric_status"": ""matched""}",True
65,"{""payment_gateway"": ""Razorpay"", ""transaction_fee"": ""25""}",False
66,"{""name"": ""N**** B*****"", ""address"": ""123 Civil Lines, Jaipur, 302006"", ""ip_address"": ""122.161.49.178""}",True
67,"{""inventory_id"": ""INV789"", ""stock_level"": ""50""}",False
68,"{""upi_id"": ""buXXX@axisbank"", ""merchant_category"": ""retail""}",True
69,"{""city"": ""Hyderabad"", ""weather"": ""partly_cloudy""}",False
70,"{""phone"": ""84XXXXXX23"", ""call_preference"": ""evening""}",True
71,"{""coupon_code"": ""FIRST10"", ""usage_count"": ""1""}",False
72,"{""name"": ""K****** S**********"", ""email"": ""kaXXX@work.com"", ""device_type"": ""iOS""}",True
73,"{""logistics_partner"": ""BlueDart"", ""tracking_id"": ""BD123456789""}",False
74,"{""passport"": ""HXXXXXXX"", ""expiry_date"": ""2030-12-15""}",True
75,"{""age"": ""32"", ""income_bracket"": ""middle_class""}",False
76,"{""aadhar"": ""6789 XXXX 4567"", ""mobile_linked"": ""True""}",True
77,"{""return_reason"": ""size_issue"", ""refund_amount"": ""899""}",False
78,"{""name"": ""D**** S*****"", ""phone"": ""71XXXXXX90"", ""email"": ""diXXX@personal.com""}",True
79,"{""seller_id"": ""SELLER001"", ""rating"": ""4.2""}",False
80,"{""upi_id"": ""shXXX@hdfcbank"", ""settlement_cycle"": ""T+2""}",True
81,"{""recommendation_type"": ""collaborative"", ""confidence"": ""0.85""}",False
82,"{""name"": ""M***** A******"", ""address"": ""456 Mall Road, Shimla, 171001"", ""email"": ""maXXX@email.com""}",True
83,"{""api_version"": ""v2.1"", ""response_time"": ""120ms""}",False
84,"{""phone"": ""95XXXXXX23"", ""language_preference"": ""Hindi""}",True
85,"{""last_name"": ""Reddy"", ""occupation"": ""Doctor""}",False
86,"{""passport"": ""TXXXXXXX"", ""visa_required"": false}",True
87,"{""affiliate_id"": ""AFF789"", ""commission_rate"": ""5""}",False
88,"{""aadhar"": ""7890 XXXX 5678"", ""ekyc_timestamp"": ""2024-01-15T10:30:00Z""}",True
89,"{""utm_source"": ""google"", ""campaign"": ""winter_sale""}",False
90,"{""name"": ""A***** R**"", ""email"": ""anXXX@university.edu"", ""ip_address"": ""157.49.183.29""}",True
91,"{""fraud_score"": ""0.15"", ""risk_level"": ""low""}",False
92,"{""upi_id"": ""78XXX@ybl"", ""bank_name"": ""State Bank""}",True
93,"{""search_filter"": ""electronics"", ""sort_by"": ""price_low_to_high""}",False
94,"{""phone"": ""82XXXXXX90"", ""two_factor_auth"": ""True""}",True
95,"{""first_name"": ""Arun"", ""cart_value"": ""2500""}",False
96,"{""name"": ""P***** K*******"", ""address"": ""789 Law Garden, Ahmedabad, 380006"", ""phone"": ""67XXXXXX45""}",True
97,"{""machine_learning_model"": ""recommendation_v3"", ""accuracy"": ""0.92""}",False
98,"{""passport"": ""RXXXXXXX"", ""place_of_issue"": ""Mumbai""}",True
99,"{""city"": ""Bangalore"", ""traffic_condition"": ""moderate""}",False
100,"{""aadhar"": ""8901 XXXX 6789"", ""consent_given"": ""True""}",True
101,"{""email"": ""neXXX@flipkart.com"", ""unsubscribe_rate"": ""0.02""}",True
102,"{""name"": ""S***** P*****"", ""email"": ""suXXX@office.com"", ""device_id"": ""TAB456789""}",True
103,"{""performance_metric"": ""page_load_time"", ""value"": ""2.1s""}",False
104,"{""upi_id"": ""quXXX@kotak"", ""limit_daily"": ""50000""}",True
105,"{""last_name"": ""Gupta"", ""education"": ""MBA""}",False
106,"{""phone"": ""79XXXXXX67"", ""marketing_consent"": false}",True
107,"{""analytics_event"": ""product_view"", ""timestamp"": ""2024-01-20T14:22:33Z""}",False
108,"{""name"": ""R***** J***"", ""address"": ""321 Residency Road, Mysore, 570001"", ""email"": ""raXXX@workplace.in""}",True
109,"{""cache_hit_ratio"": ""0.78"", ""response_cached"": ""True""}",False
110,"{""passport"": ""SXXXXXXX"", ""passport_type"": ""ordinary""}",True
111,"{""first_name"": ""Vivek"", ""subscription_status"": ""active""}",False
112,"{""aadhar"": ""9012 XXXX 7890"", ""demographic_verified"": ""True""}",True
113,"{""a_b_test"": ""checkout_flow_v2"", ""variant"": ""B""}",False
114,"{""name"": ""K***** M****"", ""phone"": ""83XXXXXX01"", ""email"": ""kaXXX@gmail.com""}",True
115,"{""geo_location"": ""lat:12.9716,lng:77.5946"", ""accuracy"": ""10m""}",False
116,"{""upi_id"": ""65XXX@paytm"", ""merchant_type"": ""individual""}",True
117,"{""database_query"": ""SELECT * FROM products"", ""execution_time"": ""45ms""}",False
118,"{""phone"": ""98XXXXXX10"", ""device_brand"": ""Samsung""}",True
119,"{""last_name"": ""Singh"", ""marital_status"": ""married""}",False
120,"{""name"": ""A**** P*****"", ""address"": ""654 Station Road, Lucknow, 226001"", ""ip_address"": ""49.15.183.91""}",True
121,"{""content_type"": ""application/json"", ""encoding"": ""utf-8""}",False
122,"{""passport"": ""QXXXXXXX"", ""biometric_enrolled"": ""True""}",True
123,"{""city"": ""Coimbatore"", ""pincode"": ""641001""}",False
124,"{""aadhar"": ""0123 XXXX 8901"", ""otp_verified"": ""True""}",True
125,"{""recommendation_engine"": ""neural_cf"", ""training_date"": ""2024-01-01""}",False
126,"{""name"": ""G***** R****"", ""email"": ""geXXX@company.com"", ""device_type"": ""Desktop""}",True
127,"{""webhook_url"": ""https://api.example.com/webhook"", ""status"": ""active""}",False
128,"{""upi_id"": ""shXXX@icici"", ""autopay_enabled"": false}",True
129,"{""first_name"": ""Mohit"", ""preferred_language"": ""English""}",False
130,"{""phone"": ""74XXXXXX12"", ""carrier"": ""Airtel""}",True
131,"{""inventory_turnover"": ""4.2"", ""stock_out_rate"": ""0.08""}",False
132,"{""name"": ""S***** K*****"", ""address"": ""987 Sector 15, Noida, 201301"", ""phone"": ""80XXXXXX79""}",True
133,"{""service_level"": ""premium"", ""response_time_sla"": ""< 1 hour""}",False
134,"{""passport"": ""BXXXXXXX"", ""emergency_contact"": ""+91-9876543210""}",True
135,"{""last_name"": ""Nair"", ""hobby"": ""photography""}",False
136,"{""aadhar"": ""1234 XXXX 7654"", ""photo_verification"": ""passed""}",True
137,"{""feature_toggle"": ""new_ui"", ""rollout_percentage"": ""25""}",False
138,"{""name"": ""H***** K****"", ""email"": ""haXXX@tech.org"", ""ip_address"": ""203.88.138.42""}",True
139,"{""data_pipeline"": ""etl_v2"", ""processed_records"": ""1000000""}",False
140,"{""upi_id"": ""54XXX@ybl"", ""transaction_limit"": ""100000""}",True
141,"{""search_algorithm"": ""elasticsearch"", ""index_size"": ""2.5GB""}",False
142,"{""phone"": ""91XXXXXX89"", ""roaming_status"": false}",True
143,"{""city"": ""Kochi"", ""state"": ""Kerala""}",False
144,"{""name"": ""R***** S*****"", ""address"": ""234 Park Avenue, Gurgaon, 122001"", ""email"": ""riXXX@company.net""}",True
145,"{""microservice"": ""user_service"", ""health_status"": ""healthy""}",False
146,"{""passport"": ""NXXXXXXX"", ""pages_remaining"": ""28""}",True
147,"{""first_name"": ""Deepak"", ""loyalty_tier"": ""gold""}",False
148,"{""aadhar"": ""2345 XXXX 8765"", ""fingerprint_matched"": ""True""}",True
149,"{""cdn_cache"": ""cloudflare"", ""hit_ratio"": ""0.89""}",False
150,"{""name"": ""P******* C********"", ""phone"": ""78XXXXXX56"", ""email"": ""prXXX@personal.in""}",True
151,"{""log_level"": ""INFO"", ""message"": ""Transaction completed successfully""}",False
152,"{""upi_id"": ""faXXX@sbi"", ""beneficiary_count"": ""3""}",True
153,"{""machine_id"": ""ML789"", ""cpu_utilization"": ""65""}",False
154,"{""phone"": ""85XXXXXX23"", ""do_not_disturb"": ""True""}",True
155,"{""last_name"": ""Mishra"", ""department"": ""Engineering""}",False
156,"{""name"": ""A**** B****"", ""address"": ""567 Race Course Road, Bangalore, 560001"", ""ip_address"": ""117.196.143.73""}",True
157,"{""kubernetes_pod"": ""api-server-v2"", ""replicas"": ""3""}",False
158,"{""passport"": ""GXXXXXXX"", ""sponsor_required"": false}",True
159,"{""city"": ""Indore"", ""region"": ""Central India""}",False
160,"{""aadhar"": ""3456 XXXX 9876"", ""iris_scan"": ""verified""}",True
161,"{""email"": ""adXXX@system.com"", ""role"": ""system_admin""}",True
162,"{""name"": ""S***** J****"", ""email"": ""saXXX@workplace.com"", ""device_id"": ""LAPTOP123""}",True
163,"{""ssl_certificate"": ""valid"", ""expiry"": ""2024-12-31""}",False
164,"{""upi_id"": ""43XXX@okaxis"", ""insurance_linked"": ""True""}",True
165,"{""first_name"": ""Neha"", ""age_verification"": ""completed""}",False
166,"{""phone"": ""92XXXXXX90"", ""backup_number"": ""+91-8765432109""}",True
167,"{""monitoring_alert"": ""high_memory_usage"", ""threshold_exceeded"": ""True""}",False
168,"{""name"": ""V***** A******"", ""address"": ""890 Commercial Street, Bangalore, 560001"", ""phone"": ""73XXXXXX01""}",True
169,"{""load_balancer"": ""nginx"", ""upstream_servers"": ""4""}",False
170,"{""passport"": ""FXXXXXXX"", ""travel_history"": ""USA,UAE,UK""}",True
171,"{""last_name"": ""Patel"", ""blood_group"": ""O+""}",False
172,{},False
173,"{""api_rate_limit"": ""1000"", ""current_usage"": ""245""}",False
174,"{""name"": ""A***** V****"", ""email"": ""anXXX@office.in"", ""ip_address"": ""59.144.123.67""}",True
175,"{""database_connection"": ""mysql"", ""pool_size"": ""20""}",False
176,"{""upi_id"": ""waXXX@phonepe"", ""balance_inquiry"": ""True""}",True
177,"{""city"": ""Nagpur"", ""timezone"": ""Asia/Kolkata""}",False
178,"{""phone"": ""89XXXXXX67"", ""international_roaming"": false}",True
179,"{""first_name"": ""Rakesh"", ""credit_score"": ""750""}",False
180,"{""name"": ""S***** D***"", ""address"": ""123 Gandhi Nagar, Patna, 800001"", ""email"": ""suXXX@email.org""}",True
181,"{""message_queue"": ""rabbitmq"", ""queue_depth"": ""150""}",False
182,"{""passport"": ""VXXXXXXX"", ""diplomatic_status"": false}",True
183,"{""last_name"": ""Yadav"", ""experience"": ""5 years""}",False
184,{},False
185,"{""security_scan"": ""passed"", ""vulnerabilities_found"": 0}",False
186,"{""name"": ""R*** S****"", ""phone"": ""67XXXXXX45"", ""email"": ""riXXX@company.com""}",True
187,"{""container_registry"": ""docker_hub"", ""image_version"": ""v1.2.3""}",False
188,"{""upi_id"": ""32XXX@paytm"", ""pin_change_required"": false}",True
189,"{""city"": ""Chandigarh"", ""weather_forecast"": ""sunny""}",False
190,"{""phone"": ""76XXXXXX34"", ""fiber_connection"": ""True""}",True
191,"{""first_name"": ""Manoj"", ""vehicle_type"": ""sedan""}",False
192,"{""name"": ""K****** R****"", ""address"": ""456 Jubilee Hills, Hyderabad, 500033"", ""ip_address"": ""14.139.56.78""}",True
193,"{""elastic_search"": ""cluster_healthy"", ""nodes"": ""5""}",False
194,"{""passport"": ""JXXXXXXX"", ""minor_dependent"": false}",True
195,"{""last_name"": ""Jain"", ""dietary_preference"": ""vegetarian""}",False
196,"{""aadhar"": ""6789 XXXX 2109"", ""family_head"": ""True""}",True
197,"{""prometheus_metric"": ""http_requests_total"", ""value"": ""50000""}",False
198,"{""name"": ""A******* T*****"", ""email"": ""abXXX@work.com"", ""device_type"": ""Mobile""}",True
199,"{""grafana_dashboard"": ""system_overview"", ""panels"": ""12""}",False
200,"{""upi_id"": ""saXXX@unionbank"", ""interest_rate"": ""3.5""}",True
201,"{""city"": ""Bhopal"", ""air_quality"": ""moderate""}",False
202,"{""phone"": ""90XXXXXX78"", ""plan_type"": ""postpaid""}",True
203,"{""first_name"": ""Shalini"", ""favorite_color"": ""blue""}",False
204,"{""name"": ""R**** M*******"", ""address"": ""789 CP Street, New Delhi, 110001"", ""phone"": ""81XXXXXX90""}",True
205,"{""jenkins_build"": ""successful"", ""build_number"": ""156""}",False
206,{},False
207,"{""last_name"": ""Chopra"", ""shoe_size"": ""9""}",False
208,"{""aadhar"": ""7890 XXXX 3210"", ""nomination_updated"": ""True""}",True
209,"{""terraform_state"": ""applied"", ""resources"": ""23""}",False
210,"{""name"": ""S***** S*****"", ""email"": ""shXXX@personal.com"", ""ip_address"": ""122.161.85.94""}",True
211,"{""ansible_playbook"": ""deploy_app"", ""tasks"": ""15""}",False
212,"{""upi_id"": ""21XXX@ybl"", ""kyc_level"": ""full""}",True
213,"{""city"": ""Vadodara"", ""population"": ""1670000""}",False
214,"{""phone"": ""84XXXXXX12"", ""signal_strength"": ""-65dBm""}",True
215,"{""first_name"": ""Gaurav"", ""t_shirt_size"": ""L""}",False
216,"{""name"": ""M****** D****"", ""address"": ""321 Film City, Mumbai, 400059"", ""email"": ""maXXX@bollywood.com""}",True
217,"{""docker_compose"": ""version_3"", ""services"": ""8""}",False
218,"{""passport"": ""IXXXXXXX"", ""blood_type"": ""A+""}",True
219,"{""last_name"": ""Bansal"", ""coffee_preference"": ""cappuccino""}",False
220,"{""aadhar"": ""8901 XXXX 4321"", ""senior_citizen"": false}",True
221,"{""nagios_check"": ""ok"", ""last_check"": ""2024-01-20T15:30:00Z""}",False
222,"{""name"": ""N***** S*****"", ""phone"": ""72XXXXXX90"", ""email"": ""niXXX@tech.in""}",True
223,"{""zabbix_host"": ""web_server_01"", ""status"": ""monitored""}",False
224,"{""upi_id"": ""buXXX@yesbank"", ""gst_registered"": ""True""}",True
225,"{""city"": ""Surat"", ""textile_hub"": ""True""}",False
226,"{""phone"": ""93XXXXXX12"", ""voicemail_enabled"": false}",True
227,"{""first_name"": ""Pooja"", ""pet_name"": ""Bruno""}",False
228,"{""name"": ""K**** K****"", ""address"": ""654 Residency Road, Mysore, 570001"", ""ip_address"": ""203.192.214.156""}",True
229,"{""splunk_index"": ""main"", ""events_per_day"": ""1000000""}",False
230,"{""passport"": ""OXXXXXXX"", ""dual_citizenship"": false}",True
231,"{""last_name"": ""Agrawal"", ""music_preference"": ""classical""}",False
232,"{""aadhar"": ""9012 XXXX 5432"", ""disability_certificate"": false}",True
233,"{""elk_stack"": ""7.10.2"", ""log_retention"": ""30_days""}",False
234,"{""name"": ""S**** N****"", ""email"": ""swXXX@university.ac.in"", ""device_id"": ""STU789123""}",True
235,"{""redis_cache"": ""cluster_mode"", ""memory_usage"": ""2.1GB""}",False
236,"{""upi_id"": ""10XXX@paytm"", ""fraud_alert"": false}",True
237,"{""city"": ""Jodhpur"", ""heritage_site"": ""True""}",False
238,"{""phone"": ""86XXXXXX34"", ""emergency_contact"": ""True""}",True
239,"{""first_name"": ""Arpit"", ""gaming_preference"": ""FPS""}",False
240,"{""name"": ""G**** P****"", ""address"": ""987 Law Garden Road, Ahmedabad, 380006"", ""phone"": ""68XXXXXX57""}",True
241,"{""memcached"": ""1.6.9"", ""hit_ratio"": ""0.84""}",False
242,"{""passport"": ""UXXXXXXX"", ""organ_donor"": ""True""}",True
243,"{""last_name"": ""Kulkarni"", ""sports_preference"": ""cricket""}",False
244,"{""aadhar"": ""0123 XXXX 6543"", ""pan_linked"": ""True""}",True
245,"{""fluentd_buffer"": ""file"", ""buffer_size"": ""256MB""}",False
246,"{""name"": ""T**** G***"", ""email"": ""taXXX@startup.io"", ""ip_address"": ""49.15.227.83""}",True
247,"{""haproxy_backend"": ""app_servers"", ""active_servers"": ""6""}",False
248,"{""upi_id"": ""09XXX@okaxis"", ""reward_points"": ""2500""}",True
249,"{""city"": ""Agra"", ""monument"": ""Taj Mahal""}",False
250,"{""phone"": ""77XXXXXX45"", ""data_plan"": ""unlimited""}",True
251,"{""first_name"": ""Shruti"", ""zodiac_sign"": ""Leo""}",False
252,"{""name"": ""V**** D*****"", ""address"": ""123 Linking Road, Mumbai, 400050"", ""email"": ""vaXXX@actor.com""}",True
253,"{""cassandra_cluster"": ""3_nodes"", ""replication_factor"": ""3""}",False
254,"{""passport"": ""ZXXXXXXX"", ""machine_readable"": ""True""}",True
255,"{""last_name"": ""Sinha"", ""reading_habit"": ""fiction""}",False
256,"{""aadhar"": ""1234 XXXX 5432"", ""uan_linked"": ""True""}",True
257,"{""neo4j_database"": ""graph_analytics"", ""node_count"": ""50000""}",False
258,"{""name"": ""R***** D*******"", ""phone"": ""98XXXXXX10"", ""email"": ""riXXX@film.in""}",True
259,"{""apache_kafka"": ""2.8.0"", ""topics"": ""25""}",False
260,"{""upi_id"": ""98XXX@ibl"", ""standing_instruction"": ""True""}",True
261,"{""city"": ""Guwahati"", ""tea_capital"": ""True""}",False
262,"{""phone"": ""61XXXXXX89"", ""hotspot_enabled"": ""True""}",True
263,"{""first_name"": ""Tanvi"", ""dance_form"": ""bharatanatyam""}",False
264,"{""name"": ""S***** T********"", ""address"": ""456 Perry Cross Road, Mumbai, 400050"", ""ip_address"": ""203.88.142.91""}",True
265,"{""airflow_dag"": ""data_pipeline"", ""schedule_interval"": ""@daily""}",False
266,"{""passport"": ""WXXXXXXX"", ""special_endorsement"": false}",True
267,"{""last_name"": ""Pandey"", ""cooking_skill"": ""intermediate""}",False
268,"{""aadhar"": ""2345 XXXX 6543"", ""ration_card_linked"": ""True""}",True
269,"{""spark_cluster"": ""4_workers"", ""memory"": ""16GB""}",False
270,"{""name"": ""A*** B****"", ""email"": ""alXXX@bollywood.in"", ""device_type"": ""iPhone""}",True
271,"{""hdfs_replication"": ""3"", ""block_size"": ""128MB""}",False
272,"{""upi_id"": ""87XXX@ybl"", ""max_transaction_limit"": ""200000""}",True
273,"{""city"": ""Dehradun"", ""hill_station"": ""True""}",False
274,"{""phone"": ""95XXXXXX23"", ""call_forwarding"": false}",True
275,"{""first_name"": ""Yash"", ""favorite_cuisine"": ""Italian""}",False
276,"{""name"": ""D****** P*******"", ""address"": ""789 Bandra West, Mumbai, 400050"", ""phone"": ""89XXXXXX67""}",True
277,"{""mongodb_replica"": ""primary"", ""oplog_size"": ""2GB""}",False
278,"{""passport"": ""EXXXXXXX"", ""chip_enabled"": ""True""}",True
279,"{""last_name"": ""Gupta"", ""travel_frequency"": ""frequent""}",False
280,"{""aadhar"": ""3456 XXXX 6543"", ""voter_id_linked"": ""True""}",True
281,"{""postgresql_version"": ""13.4"", ""extensions"": ""postgis,pg_stat_statements""}",False
282,"{""name"": ""R***** K*****"", ""email"": ""raXXX@movies.com"", ""ip_address"": ""117.196.148.205""}",True
283,"{""consul_cluster"": ""3_agents"", ""leader_election"": ""True""}",False
284,"{""upi_id"": ""76XXX@paytm"", ""mobile_banking"": ""True""}",True
285,"{""city"": ""Shimla"", ""altitude"": ""2205m""}",False
286,"{""phone"": ""82XXXXXX90"", ""wifi_calling"": ""True""}",True
287,"{""first_name"": ""Ishita"", ""language_skills"": ""Hindi,English,French""}",False
288,"{""name"": ""H****** R*****"", ""address"": ""321 Juhu Beach, Mumbai, 400049"", ""email"": ""hrXXX@superstar.in""}",True
289,"{""vault_secrets"": ""encrypted"", ""policies"": ""8""}",False
290,"{""passport"": ""DXXXXXXX"", ""photo_biometric"": ""True""}",True
291,"{""last_name"": ""Saxena"", ""workout_routine"": ""yoga""}",False
292,"{""aadhar"": ""4567 XXXX 6543"", ""driving_license_linked"": ""True""}",True
293,"{""kubernetes_ingress"": ""nginx"", ""ssl_termination"": ""True""}",False
294,"{""name"": ""K****** K***"", ""phone"": ""71XXXXXX90"", ""email"": ""kaXXX@actress.com""}",True
295,"{""etcd_cluster"": ""healthy"", ""raft_applied_index"": ""1000000""}",False
296,"{""upi_id"": ""65XXX@okaxis"", ""joint_account"": false}",True
297,"{""city"": ""Manali"", ""skiing_season"": ""winter""}",False
298,"{""phone"": ""97XXXXXX45"", ""conference_calling"": ""True""}",True
299,"{""first_name"": ""Naman"", ""programming_language"": ""Python""}",False
300,"{""name"": ""P******* C*****"", ""address"": ""654 Versova, Mumbai, 400061"", ""ip_address"": ""59.144.187.92""}",True
301,"{""istio_mesh"": ""enabled"", ""sidecar_injection"": ""True""}",False
302,"{""passport"": ""KXXXXXXX"", ""rfid_enabled"": ""True""}",True
303,"{""last_name"": ""Tiwari"", ""meditation_practice"": ""mindfulness""}",False
304,"{""aadhar"": ""5678 XXXX 2109"", ""health_insurance_linked"": ""True""}",True
305,"{""linkerd_proxy"": ""stable-2.11.1"", ""success_rate"": ""99.9""}",False
306,"{""name"": ""A***** K****"", ""email"": ""akXXX@actionhero.in"", ""device_id"": ""ACTOR123""}",True
307,"{""opentelemetry"": ""enabled"", ""traces_per_second"": ""1000""}",False
308,"{""upi_id"": ""54XXX@ybl"", ""credit_card_linked"": ""True""}",True
309,"{""city"": ""Ooty"", ""tea_gardens"": ""True""}",False
310,"{""phone"": ""80XXXXXX78"", ""5g_enabled"": ""True""}",True
311,"{""first_name"": ""Sneha"", ""fitness_goal"": ""weight_loss""}",False
312,"{""name"": ""S***** K***"", ""address"": ""987 Galaxy Apartments, Mumbai, 400050"", ""phone"": ""91XXXXXX80""}",True
313,"{""jaeger_tracing"": ""distributed"", ""spans_collected"": ""50000""}",False
314,"{""passport"": ""MXXXXXXX"", ""biometric_exit"": ""True""}",True
315,"{""last_name"": ""Mahajan"", ""hobby"": ""painting""}",False
316,"{""aadhar"": ""6789 XXXX 3210"", ""life_insurance_linked"": ""True""}",True
317,"{""zipkin_spans"": ""sampled"", ""sampling_rate"": ""0.1""}",False
318,"{""name"": ""A**** K***"", ""email"": ""aaXXX@perfectionist.com"", ""ip_address"": ""14.139.67.143""}",True
319,"{""flagger_canary"": ""progressive"", ""success_threshold"": ""99""}",False
320,"{""upi_id"": ""43XXX@paytm"", ""fixed_deposit_linked"": ""True""}",True
321,"{""city"": ""Nainital"", ""lake_city"": ""True""}",False
322,"{""phone"": ""73XXXXXX01"", ""volte_enabled"": ""True""}",True
323,"{""first_name"": ""Rajat"", ""investment_portfolio"": ""balanced""}",False
324,"{""name"": ""S*** R*** K***"", ""address"": ""123 Mannat, Mumbai, 400050"", ""email"": ""srXXX@kingkhan.in""}",True
325,"{""argo_cd"": ""v2.4.0"", ""applications"": ""15""}",False
326,"{""passport"": ""AXXXXXXX"", ""fast_track_eligible"": ""True""}",True
327,"{""last_name"": ""Verma"", ""social_media"": ""LinkedIn""}",False
328,"{""order_id"": ""ORD123456"", ""product_category"": ""Electronics"", ""status"": ""delivered""}",False
329,"{""transaction_id"": ""TXN789012"", ""payment_method"": ""credit_card"", ""amount"": ""15000""}",False
330,"{""product_sku"": ""SKU456789"", ""brand"": ""Samsung"", ""rating"": ""4.5""}",False
331,"{""campaign_id"": ""CAM123"", ""click_rate"": ""0.045"", ""conversion"": ""0.12""}",False
332,"{""session_id"": ""SESS456"", ""page_views"": ""8"", ""bounce_rate"": ""0.25""}",False
333,"{""warehouse_code"": ""WH001"", ""inventory_level"": ""150"", ""reorder_point"": ""50""}",False
334,"{""coupon_code"": ""SAVE20"", ""discount_percentage"": ""20"", ""usage_limit"": ""1000""}",False
335,"{""api_key"": ""API789"", ""requests_per_minute"": ""500"", ""quota_exceeded"": false}",False
336,"{""batch_id"": ""BATCH123"", ""processed_records"": ""50000"", ""error_count"": ""12""}",False
337,"{""log_entry"": ""INFO"", ""timestamp"": ""2024-01-20T10:30:00Z"", ""module"": ""payment_service""}",False
338,"{""metric_name"": ""response_time"", ""value"": ""120"", ""unit"": ""milliseconds""}",False
339,"{""feature_flag"": ""new_checkout"", ""enabled"": ""True"", ""rollout_percentage"": ""50""}",False
340,"{""service_name"": ""user_service"", ""version"": ""v2.1.0"", ""health_status"": ""healthy""}",False
341,"{""database_name"": ""primary"", ""connection_pool"": ""20"", ""active_connections"": ""15""}",False
342,"{""queue_name"": ""order_processing"", ""message_count"": ""245"", ""consumers"": ""3""}",False
343,"{""cache_key"": ""user_profile_123"", ""ttl"": ""3600"", ""hit_ratio"": ""0.85""}",False
344,"{""deployment_id"": ""DEP456"", ""environment"": ""production"", ""rollback_available"": ""True""}",False
345,"{""alert_id"": ""ALT789"", ""severity"": ""warning"", ""acknowledged"": false}",False
346,"{""backup_id"": ""BAK123"", ""size"": ""2.5GB"", ""verification"": ""passed""}",False
347,"{""test_suite"": ""integration_tests"", ""passed"": ""145"", ""failed"": ""3""}",False
348,"{""build_number"": ""BUILD789"", ""commit_hash"": ""abc123def"", ""deployment_time"": ""2024-01-20T14:25:00Z""}",False
349,"{""region"": ""ap-south-1"", ""availability_zone"": ""ap-south-1a"", ""instance_type"": ""t3.medium""}",False
350,"{""security_scan"": ""vulnerability_assessment"", ""high_risk"": 0, ""medium_risk"": ""2""}",False
351,"{""load_balancer"": ""ALB"", ""target_groups"": ""2"", ""healthy_targets"": ""6""}",False
352,"{""cdn_provider"": ""CloudFront"", ""cache_hit_ratio"": ""0.92"", ""origin_requests"": ""1500""}",False
353,"{""ssl_certificate"": ""wildcard"", ""issuer"": ""Let's Encrypt"", ""expiry"": ""2024-12-31""}",False
354,"{""monitoring_dashboard"": ""system_overview"", ""widgets"": ""12"", ""refresh_interval"": ""30""}",False
355,"{""compliance_check"": ""gdpr"", ""status"": ""compliant"", ""last_audit"": ""2024-01-01""}",False
356,"{""machine_learning_model"": ""recommendation_engine"", ""accuracy"": ""0.89"", ""training_data"": ""1M_samples""}",False
357,"{""data_pipeline"": ""etl_daily"", ""source"": ""mongodb"", ""destination"": ""data_warehouse""}",False
358,"{""kubernetes_pod"": ""api-deployment-abc123"", ""cpu_usage"": ""65%"", ""memory_usage"": ""512MB""}",False
359,"{""docker_image"": ""app:v1.2.3"", ""size"": ""150MB"", ""layers"": ""8""}",False
360,"{""git_branch"": ""feature/new-ui"", ""commits_ahead"": ""5"", ""merge_conflicts"": false}",False
361,"{""network_interface"": ""eth0"", ""bytes_in"": ""1048576"", ""bytes_out"": ""524288""}",False
362,"{""file_system"": ""/dev/sda1"", ""total_space"": ""100GB"", ""free_space"": ""25GB""}",False
363,"{""process_id"": ""12345"", ""cpu_time"": ""2.5s"", ""memory_usage"": ""256MB""}",False
364,"{""thread_pool"": ""worker_threads"", ""active_threads"": ""8"", ""queue_size"": ""15""}",False
365,"{""garbage_collection"": ""G1GC"", ""pause_time"": ""10ms"", ""frequency"": ""every_30s""}",False
366,"{""connection_string"": ""postgresql://localhost:5432/app_db"", ""max_connections"": ""100"", ""current_connections"": ""45""}",False
367,"{""search_index"": ""products_v2"", ""document_count"": ""1000000"", ""size"": ""2.1GB""}",False
368,"{""message_broker"": ""RabbitMQ"", ""exchange_type"": ""topic"", ""routing_key"": ""order.created""}",False
369,"{""streaming_platform"": ""Apache Kafka"", ""partition_count"": ""12"", ""replication_factor"": ""3""}",False
370,"{""container_orchestrator"": ""Kubernetes"", ""namespace"": ""production"", ""pod_count"": ""25""}",False
371,"{""microservice_architecture"": ""event_driven"", ""service_count"": ""15"", ""communication"": ""async""}",False
372,"{""api_gateway"": ""Kong"", ""rate_limiting"": ""1000_rpm"", ""authentication"": ""JWT""}",False
373,"{""service_mesh"": ""Istio"", ""sidecar_proxy"": ""Envoy"", ""mTLS_enabled"": ""True""}",False
374,"{""observability_stack"": ""ELK"", ""log_retention"": ""30_days"", ""alert_rules"": ""25""}",False
375,"{""aadhar"": ""7890 XXXX 6781"", ""address_verification"": ""completed"", ""timestamp"": ""2024-01-20T09:15:00Z""}",True
376,"{""name"": ""A**** K*****"", ""email"": ""arXXX@film.in"", ""address"": ""456 Film City Road, Mumbai, 400059""}",True
377,"{""phone"": ""98XXXXXX10"", ""carrier_name"": ""Airtel"", ""plan_type"": ""postpaid""}",True
378,"{""upi_id"": ""arXXX@paytm"", ""linked_bank"": ""HDFC Bank"", ""kyc_status"": ""verified""}",True
379,"{""passport"": ""PXXXXXXX"", ""issue_place"": ""Mumbai"", ""validity"": ""10_years""}",True
380,"{""name"": ""S**** G****"", ""phone"": ""87XXXXXX09"", ""email"": ""soXXX@personal.in"", ""device_type"": ""Android""}",True
381,"{""aadhar"": ""8901 XXXX 7890"", ""biometric_status"": ""locked"", ""unlock_required"": ""True""}",True
382,"{""name"": ""V***** S****"", ""address"": ""789 Sector 18, Noida, 201301"", ""ip_address"": ""203.88.156.72""}",True
383,"{""phone"": ""76XXXXXX98"", ""international_code"": ""+91"", ""verified"": ""True""}",True
384,"{""upi_id"": ""viXXX@okaxis"", ""transaction_pin"": ""set"", ""daily_limit"": ""100000""}",True
385,"{""passport"": ""LXXXXXXX"", ""photo_updated"": ""2024-01-15"", ""pages_left"": ""32""}",True
386,"{""name"": ""M**** S*****"", ""email"": ""meXXX@office.com"", ""department"": ""HR""}",True
387,"{""aadhar"": ""9012 XXXX 8901"", ""mobile_verification"": ""pending"", ""otp_sent"": ""True""}",True
388,"{""name"": ""R**** S*****"", ""address"": ""123 Andheri West, Mumbai, 400053"", ""phone"": ""89XXXXXX67""}",True
389,"{""phone"": ""67XXXXXX45"", ""sms_service"": ""enabled"", ""promotional_consent"": false}",True
390,"{""upi_id"": ""roXXX@ybl"", ""beneficiary_limit"": ""20"", ""recent_transaction"": ""2024-01-20""}",True
391,"{""passport"": ""AXXXXXXX"", ""emergency_contact_name"": ""Priya Shetty"", ""relationship"": ""spouse""}",True
392,"{""name"": ""K**** M*******"", ""email"": ""kaXXX@actress.in"", ""ip_address"": ""117.196.152.38""}",True
393,"{""aadhar"": ""0123 XXXX 9012"", ""demographic_auth"": ""success"", ""attempt_count"": ""1""}",True
394,"{""name"": ""A*** D*****"", ""address"": ""567 Juhu Scheme, Mumbai, 400049"", ""email"": ""ajXXX@action.com""}",True
395,"{""phone"": ""92XXXXXX01"", ""call_log_consent"": ""True"", ""privacy_setting"": ""medium""}",True
396,"{""upi_id"": ""ajXXX@icici"", ""merchant_payments"": ""15"", ""last_settlement"": ""2024-01-19""}",True
397,"{""passport"": ""HXXXXXXX"", ""visa_pages"": ""8"", ""endorsement_pages"": ""2""}",True
398,"{""name"": ""T*** K***"", ""phone"": ""81XXXXXX89"", ""email"": ""taXXX@versatile.in""}",True
399,"{""aadhar"": ""1234 XXXX 0123"", ""bank_seeding"": ""completed"", ""subsidy_linked"": ""True""}",True
400,"{""name"": ""N********* S*******"", ""address"": ""890 Versova Link Road, Mumbai, 400061"", ""ip_address"": ""59.144.203.147""}",True
401,"{""phone"": ""78XXXXXX56"", ""roaming_activated"": ""True"", ""international_plan"": ""active""}",True
402,"{""upi_id"": ""naXXX@sbi"", ""family_account"": ""True"", ""members_linked"": ""4""}",True
403,"{""passport"": ""TXXXXXXX"", ""chip_technology"": ""enabled"", ""security_features"": ""enhanced""}",True
404,"{""name"": ""K****** S**"", ""email"": ""koXXX@independent.in"", ""device_id"": ""IPHONE789""}",True
405,"{""aadhar"": ""2345 XXXX 1234"", ""disability_flag"": false, ""senior_citizen"": false}",True
406,"{""name"": ""I***** K***"", ""address"": ""234 Hill Road, Mumbai, 400050"", ""phone"": ""69XXXXXX78""}",True
407,"{""phone"": ""95XXXXXX34"", ""caller_tune"": ""enabled"", ""ringback_tone"": ""bollywood_classic""}",True
408,"{""upi_id"": ""irXXX@phonepe"", ""insurance_premium"": ""auto_debit"", ""policy_linked"": ""True""}",True
409,"{""passport"": ""KXXXXXXX"", ""place_of_birth"": ""Mumbai"", ""spouse_name"": ""Sutapa Sikdar""}",True
410,"{""name"": ""P***** T*******"", ""email"": ""paXXX@character.in"", ""ip_address"": ""14.139.78.92""}",True
411,"{""aadhar"": ""3456 XXXX 2345"", ""rural_address"": false, ""urban_classification"": ""True""}",True
412,"{""name"": ""R****** A***"", ""address"": ""678 Linking Road, Mumbai, 400054"", ""email"": ""raXXX@bold.com""}",True
413,"{""phone"": ""84XXXXXX12"", ""missed_call_alert"": ""True"", ""call_waiting"": ""enabled""}",True
414,"{""upi_id"": ""raXXX@unionbank"", ""loan_emi"": ""auto_pay"", ""next_due"": ""2024-02-01""}",True
415,"{""passport"": ""RXXXXXXX"", ""frequent_traveler"": ""True"", ""miles_accumulated"": ""50000""}",True
416,"{""name"": ""A******** K*******"", ""phone"": ""73XXXXXX01"", ""email"": ""ayXXX@versatile.in""}",True
417,"{""aadhar"": ""4567 XXXX 3456"", ""health_id"": ""linked"", ""vaccination_status"": ""fully_vaccinated""}",True
418,"{""name"": ""B**** P*******"", ""address"": ""789 Khar West, Mumbai, 400052"", ""ip_address"": ""122.161.94.205""}",True
419,"{""phone"": ""96XXXXXX34"", ""network_type"": ""4G"", ""data_usage"": ""15GB_monthly""}",True
420,"{""upi_id"": ""bhXXX@kotak"", ""savings_goal"": ""home_purchase"", ""target_amount"": ""5000000""}",True
421,"{""passport"": ""SXXXXXXX"", ""digital_copy"": ""available"", ""qr_code"": ""generated""}",True
422,"{""name"": ""R******** R**"", ""email"": ""raXXX@method.in"", ""device_type"": ""Samsung""}",True
423,"{""aadhar"": ""5678 XXXX 4567"", ""aadhaar_pay"": ""enabled"", ""micro_atm"": ""registered""}",True
424,"{""name"": ""K**** S****"", ""address"": ""123 Versova, Mumbai, 400061"", ""phone"": ""87XXXXXX45""}",True
425,"{""phone"": ""67XXXXXX45"", ""backup_sim"": ""inactive"", ""primary_number"": ""True""}",True
426,"{""upi_id"": ""krXXX@yesbank"", ""credit_score_check"": ""monthly"", ""current_score"": ""785""}",True
427,"{""passport"": ""CXXXXXXX"", ""biometric_data"": ""encrypted"", ""facial_recognition"": ""True""}",True
428,"{""name"": ""K***** A*****"", ""email"": ""kaXXX@comedy.in"", ""ip_address"": ""203.192.168.74""}",True
429,"{""aadhar"": ""6789 XXXX 5678"", ""consent_manager"": ""registered"", ""data_sharing"": ""limited""}",True
430,"{""name"": ""A***** P*****"", ""address"": ""456 Bandra Bandstand, Mumbai, 400050"", ""email"": ""anXXX@gen_z.com""}",True
431,"{""phone"": ""78XXXXXX56"", ""video_calling"": ""True"", ""screen_sharing"": ""enabled""}",True
432,"{""upi_id"": ""anXXX@hdfcbank"", ""student_account"": ""True"", ""education_loan"": ""linked""}",True
433,"{""passport"": ""NXXXXXXX"", ""minor_passport"": false, ""guardian_details"": ""not_applicable""}",True
434,"{""name"": ""T**** S*****"", ""phone"": ""89XXXXXX67"", ""email"": ""tiXXX@action.in""}",True
435,"{""aadhar"": ""7890 XXXX 6789"", ""fitness_tracker"": ""linked"", ""health_records"": ""digital""}",True
436,"{""name"": ""D**** P*****"", ""address"": ""789 Khar Road, Mumbai, 400052"", ""ip_address"": ""117.196.187.56""}",True
437,"{""phone"": ""90XXXXXX78"", ""ai_assistant"": ""enabled"", ""voice_recognition"": ""True""}",True
438,"{""upi_id"": ""diXXX@axis"", ""fashion_expenses"": ""tracked"", ""budget_alert"": ""True""}",True
439,"{""passport"": ""DXXXXXXX"", ""travel_insurance"": ""comprehensive"", ""coverage"": ""worldwide""}",True
440,"{""name"": ""V**** K******"", ""email"": ""viXXX@intense.in"", ""device_id"": ""ONEPLUS123""}",True
441,"{""aadhar"": ""8901 XXXX 7890"", ""military_service"": ""eligible"", ""ncc_certificate"": ""True""}",True
442,"{""name"": ""K**** A*****"", ""address"": ""321 Juhu Tara Road, Mumbai, 400049"", ""phone"": ""71XXXXXX90""}",True
443,"{""phone"": ""82XXXXXX90"", ""conference_call"": ""premium"", ""participants_limit"": ""50""}",True
444,"{""upi_id"": ""kiXXX@indianbank"", ""jewelry_insurance"": ""active"", ""premium"": ""monthly""}",True
445,"{""passport"": ""VXXXXXXX"", ""diplomatic_immunity"": false, ""official_travel"": ""business""}",True
446,"{""name"": ""S******* M*******"", ""email"": ""siXXX@romantic.in"", ""ip_address"": ""59.144.219.83""}",True
447,"{""aadhar"": ""9012 XXXX 8901"", ""property_registration"": ""linked"", ""stamp_duty"": ""paid""}",True
448,"{""name"": ""S******* K*****"", ""address"": ""654 Lokhandwala, Mumbai, 400053"", ""email"": ""shXXX@melodious.com""}",True
449,"{""phone"": ""93XXXXXX12"", ""music_streaming"": ""premium"", ""offline_downloads"": ""500""}",True
450,"{""upi_id"": ""shXXX@pnb"", ""concert_tickets"": ""auto_book"", ""artist_alerts"": ""True""}",True
451,"{""passport"": ""UXXXXXXX"", ""artist_visa"": ""multi_entry"", ""performance_permit"": ""True""}",True
452,"{""name"": ""V**** S*****"", ""phone"": ""84XXXXXX12"", ""email"": ""vaXXX@comedy.in""}",True
453,"{""aadhar"": ""0123 XXXX 9012"", ""comedy_club"": ""member"", ""performance_rights"": ""registered""}",True
454,"{""name"": ""J***** K*****"", ""address"": ""987 Lokhandwala Complex, Mumbai, 400053"", ""ip_address"": ""203.88.194.127""}",True
455,"{""phone"": ""75XXXXXX23"", ""fashion_alerts"": ""True"", ""brand_notifications"": ""selective""}",True
456,"{""upi_id"": ""jaXXX@canara"", ""designer_payments"": ""frequent"", ""luxury_limit"": ""1000000""}",True
457,"{""passport"": ""FXXXXXXX"", ""fashion_week"": ""participant"", ""designer_collaboration"": ""True""}",True
458,"{""name"": ""A**** R****"", ""email"": ""arXXX@intense.in"", ""device_type"": ""OnePlus""}",True
459,"{""aadhar"": ""1234 XXXX 0123"", ""medical_college"": ""alumni"", ""practicing_license"": ""valid""}",True
460,"{""name"": ""R******* M*******"", ""address"": ""234 Banjara Hills, Hyderabad, 500034"", ""phone"": ""96XXXXXX34""}",True
461,"{""phone"": ""68XXXXXX56"", ""regional_content"": ""Telugu"", ""dubbing_preference"": ""original""}",True
462,"{""upi_id"": ""raXXX@sbi"", ""south_cinema"": ""promotions"", ""fan_engagement"": ""high""}",True
463,"{""passport"": ""GXXXXXXX"", ""regional_cinema"": ""ambassador"", ""cultural_exchange"": ""True""}",True
464,"{""name"": ""A*** A****"", ""email"": ""alXXX@stylish.in"", ""ip_address"": ""14.139.89.156""}",True
465,"{""aadhar"": ""2345 XXXX 1234"", ""dance_academy"": ""owner"", ""choreography_rights"": ""exclusive""}",True
466,"{""name"": ""S******* A*******"", ""address"": ""567 Film Nagar, Hyderabad, 500096"", ""email"": ""saXXX@versatile.in""}",True
467,"{""phone"": ""89XXXXXX67"", ""charity_work"": ""active"", ""foundation_calls"": ""priority""}",True
468,"{""upi_id"": ""saXXX@hdfc"", ""donation_auto"": ""monthly"", ""cause"": ""women_empowerment""}",True
469,"{""passport"": ""IXXXXXXX"", ""humanitarian_visa"": ""active"", ""ngo_collaboration"": ""True""}",True
470,"{""name"": ""R** C*****"", ""phone"": ""72XXXXXX90"", ""email"": ""raXXX@megastar.in""}",True
471,"{""aadhar"": ""3456 XXXX 2345"", ""horse_racing"": ""license"", ""stable_owner"": ""True""}",True
472,"{""name"": ""J* N**"", ""address"": ""890 Jubilee Hills, Hyderabad, 500033"", ""ip_address"": ""122.161.178.94""}",True
473,"{""phone"": ""83XXXXXX01"", ""political_updates"": ""subscribed"", ""rally_notifications"": ""True""}",True
474,"{""upi_id"": ""ntXXX@andhra"", ""political_donations"": ""transparent"", ""party_fund"": ""contributor""}",True
475,"{""passport"": ""JXXXXXXX"", ""political_visa"": ""diplomatic"", ""state_visits"": ""official""}",True
476,"{""name"": ""M***** B***"", ""email"": ""maXXX@superstar.in"", ""device_id"": ""PRINCE123""}",True
477,"{""aadhar"": ""4567 XXXX 3456"", ""production_house"": ""owner"", ""film_financing"": ""independent""}",True
478,"{""name"": ""P****** R***"", ""address"": ""123 Banjara Hills, Hyderabad, 500034"", ""phone"": ""94XXXXXX12""}",True
479,"{""phone"": ""76XXXXXX34"", ""pan_india"": ""stardom"", ""multilingual_alerts"": ""True""}",True
480,"{""upi_id"": ""prXXX@federal"", ""movie_budget"": ""international"", ""currency"": ""multi""}",True
481,"{""passport"": ""BXXXXXXX"", ""international_filming"": ""permitted"", ""visa_facilitation"": ""True""}",True
482,"{""name"": ""R*** D********"", ""email"": ""raXXX@versatile.in"", ""ip_address"": ""203.192.147.29""}",True
483,"{""aadhar"": ""5678 XXXX 4567"", ""visual_effects"": ""studio_owner"", ""technology_innovator"": ""True""}",True
484,"{""name"": ""A****** S*****"", ""address"": ""456 Filmnagar, Hyderabad, 500096"", ""email"": ""anXXX@baahubali.in""}",True
485,"{""phone"": ""85XXXXXX23"", ""fitness_regime"": ""strict"", ""trainer_calls"": ""daily""}",True
486,"{""upi_id"": ""anXXX@karnataka"", ""fitness_equipment"": ""premium"", ""health_monitoring"": ""advanced""}",True
487,"{""passport"": ""EXXXXXXX"", ""fitness_travel"": ""wellness"", ""spa_treatments"": ""international""}",True
488,"{""name"": ""T******** B*****"", ""phone"": ""97XXXXXX45"", ""email"": ""taXXX@glamorous.in""}",True
489,"{""aadhar"": ""6789 XXXX 5678"", ""brand_ambassador"": ""multiple"", ""endorsement_value"": ""premium""}",True
490,"{""name"": ""K**** A*******"", ""address"": ""789 Banjara Hills, Hyderabad, 500034"", ""ip_address"": ""117.196.203.81""}",True
491,"{""phone"": ""61XXXXXX89"", ""punjabi_connection"": ""cultural"", ""regional_films"": ""multilingual""}",True
492,"{""upi_id"": ""kaXXX@punjab"", ""cultural_events"": ""sponsor"", ""heritage_preservation"": ""donor""}",True
493,"{""passport"": ""LXXXXXXX"", ""cultural_ambassador"": ""official"", ""international_events"": ""participant""}",True
494,"{""name"": ""R**** P**** S****"", ""email"": ""raXXX@fitness.in"", ""device_type"": ""iPhone_Pro""}",True
495,"{""aadhar"": ""7890 XXXX 6789"", ""fitness_influencer"": ""certified"", ""wellness_brand"": ""founder""}",True
496,"{""name"": ""P**** H****"", ""address"": ""321 Film City, Hyderabad, 500096"", ""phone"": ""82XXXXXX90""}",True
497,"{""phone"": ""78XXXXXX56"", ""dance_choreography"": ""skilled"", ""performance_rights"": ""exclusive""}",True
498,"{""upi_id"": ""poXXX@maharashtra"", ""dance_academy"": ""investment"", ""cultural_promotion"": ""active""}",True
499,"{""passport"": ""MXXXXXXX"", ""dance_festivals"": ""judge"", ""international_recognition"": ""True""}",True
500,"{""name"": ""R***** C********"", ""email"": ""reXXX@multilingual.in"", ""ip_address"": ""59.144.238.195""}",True
